"","Player","#","Selections[c]"
"1","Kareem Abdul-Jabbar",19,"1970–1977; 1979–1989"
"2","Kobe Bryant",18,"1998; 2000–2016"
"3","LeBron James",16,"2005–2020"
"4","Tim Duncan",15,"1998; 2000–2011; 2013; 2015"
"5","Kevin Garnett",15,"1997–1998; 2000–2011; 2013"
"6","Shaquille O'Neal",15,"1993–1998; 2000–2007; 2009"
"7","Michael Jordan",14,"1985–1993; 1996–1998; 2002–2003"
"8","Karl Malone",14,"1988–1998; 2000–2002"
"9","Dirk Nowitzki",14,"2002–2012; 2014–2015; 2019"
"10","Jerry West",14,"1961–1974"
"11","Wilt Chamberlain",13,"1960–1969; 1971–1973"
"12","Bob Cousy",13,"1951–1963"
"13","John Havlicek",13,"1966–1978"
"14","Dwyane Wade",13,"2005–2016; 2019"
"15","Larry Bird",12,"1980–1988; 1990–1992"
"16","Elvin Hayes",12,"1969–1980"
"17","Magic Johnson",12,"1980; 1982–1992"
"18","Moses Malone",12,"1978–1989"
"19","Hakeem Olajuwon",12,"1985–1990; 1992–1997"
"20","Oscar Robertson",12,"1961–1972"
"21","Bill Russell",12,"1958–1969"
"22","Dolph Schayes",12,"1951–1962"
"23","Isiah Thomas",12,"1982–1993"
"24","Charles Barkley",11,"1987–1997"
"25","Elgin Baylor",11,"1959–1965; 1967–1970"
"26","Chris Bosh",11,"2006–2016"
"27","Julius Erving",11,"1977–1987"
"28","Patrick Ewing",11,"1986; 1988–1997"
"29","Allen Iverson",11,"2000–2010"
"30","Bob Pettit",11,"1955–1965"
"31","Ray Allen",10,"2000–2002; 2004–2009; 2011"
"32","Carmelo Anthony",10,"2007–2008; 2010–2017"
"33","Paul Arizin",10,"1951–1952; 1955–1962"
"34","Clyde Drexler",10,"1986; 1988–1994; 1996–1997"
"35","Kevin Durant",10,"2010–2019"
"36","Hal Greer",10,"1961–1970"
"37","Jason Kidd",10,"1996; 1998; 2000–2004; 2007–2008; 2010"
"38","Chris Paul",10,"2008–2016; 2020"
"39","Paul Pierce",10,"2002–2006; 2008–2012"
"40","David Robinson",10,"1990–1996; 1998; 2000–2001"
"41","John Stockton",10,"1989–1997; 2000"
"42","George Gervin",9,"1977–1985"
"43","Robert Parish",9,"1981–1987; 1990–1991"
"44","Gary Payton",9,"1994–1998; 2000–2003"
"45","Russell Westbrook",9,"2011–2013; 2015–2020"
"46","Lenny Wilkens",9,"1963–1965; 1967–1971; 1973"
"47","Dominique Wilkins",9,"1986–1994"
"48","Rick Barry",8,"1966–1967; 1973–1978"
"49","Vince Carter",8,"2000–2007"
"50","Dave Cowens",8,"1972–1978; 1980"
"51","Dave DeBusschere",8,"1966–1968; 1970–1974"
"52","Alex English",8,"1982–1989"
"53","Larry Foust",8,"1951–1956; 1958–1959"
"54","James Harden",8,"2013–2020"
"55","Dwight Howard",8,"2007–2014"
"56","Bob Lanier",8,"1972–1975; 1977–1979; 1982"
"57","Dikembe Mutombo",8,"1992; 1995–1998; 2000–2002"
"58","Steve Nash",8,"2002–2003; 2005–2008; 2010; 2012"
"59","Bill Sharman",8,"1953–1960"
"60","Yao Ming",8,"2003–2009; 2011"
"61","LaMarcus Aldridge",7,"2012–2016; 2018–2019"
"62","Dave Bing",7,"1968–1969; 1971; 1973–1976"
"63","Anthony Davis",7,"2014–2020"
"64","Walt Frazier",7,"1970–1976"
"65","Harry Gallatin",7,"1951–1957"
"66","Grant Hill",7,"1995–1998; 2000–2001; 2005"
"67","Joe Johnson",7,"2007–2012; 2014"
"68","Jerry Lucas",7,"1964–1969; 1971"
"69","Ed Macauley",7,"1951–1957"
"70","Slater Martin",7,"1953–1959"
"71","Tracy McGrady",7,"2001–2007"
"72","Dick McGuire",7,"1951–1952; 1954–1956; 1958–1959"
"73","Kevin McHale",7,"1984; 1986–1991"
"74","Alonzo Mourning",7,"1994–1997; 2000–2002"
"75","Scottie Pippen",7,"1990; 1992–1997"
"76","Willis Reed",7,"1965–1971"
"77","Jack Sikma",7,"1979–1985"
"78","Nate Thurmond",7,"1965–1968; 1970; 1973–1974"
"79","Chet Walker",7,"1964; 1966–1967; 1970–1971; 1973–1974"
"80","Jo Jo White",7,"1971–1977"
"81","James Worthy",7,"1986–1992"
"82","Nate Archibald",6,"1973; 1975–1976; 1980–1982"
"83","Larry Costello",6,"1958–1962; 1965"
"84","Stephen Curry",6,"2014–2019"
"85","Adrian Dantley",6,"1980–1982; 1984–1986"
"86","Walter Davis",6,"1978–1981; 1984; 1987"
"87","Joe Dumars",6,"1990–1993; 1995; 1997"
"88","Pau Gasol",6,"2006; 2009–2011; 2015–2016"
"89","Paul George",6,"2013–2014; 2016–2019"
"90","Artis Gilmore",6,"1978–1979; 1981–1983; 1986"
"91","Blake Griffin",6,"2011–2015; 2019"
"92","Richie Guerin",6,"1958–1963"
"93","Tom Heinsohn",6,"1957; 1961–1965"
"94","Bailey Howell",6,"1961–1964; 1966–1967"
"95","Lou Hudson",6,"1969–1974"
"96","Kyrie Irving",6,"2013–2015; 2017–2019"
"97","Neil Johnston",6,"1953–1958"
"98","Shawn Kemp",6,"1993–1998"
"99","Kyle Lowry",6,"2015–2020"
"100","Vern Mikkelsen",6,"1951–1953; 1955–1957"
"101","Jermaine O'Neal",6,"2002–2007"
"102","Tony Parker",6,"2006–2007; 2009; 2012–2014"
"103","Mitch Richmond",6,"1993–1998"
"104","Amar'e Stoudemire",6,"2005; 2007–2011"
"105","Jack Twyman",6,"1957–1960; 1962–1963"
"106","George Yardley",6,"1955–1960"
"107","Chauncey Billups",5,"2006–2010"
"108","Carl Braun",5,"1953–1957"
"109","Jimmy Butler",5,"2015–2018; 2020"
"110","Brad Daugherty",5,"1988–1989; 1991–1993"
"111","Wayne Embry",5,"1961–1965"
"112","Tom Gola",5,"1960–1964"
"113","Gail Goodrich",5,"1969; 1972–1975"
"114","Cliff Hagan",5,"1958–1962"
"115","Tim Hardaway",5,"1991–1993; 1997–1998"
"116","Al Horford",5,"2010–2011; 2015–2016; 2018"
"117","Dennis Johnson",5,"1979–1982; 1985"
"118","Gus Johnson",5,"1965; 1968–1971"
"119","Marques Johnson",5,"1979–1981; 1983; 1986"
"120","Sam Jones",5,"1962; 1964–1966; 1968"
"121","Rudy LaRusso",5,"1962–1963; 1966; 1968–1969"
"122","Damian Lillard",5,"2014–2015; 2018–2020"
"123","Kevin Love",5,"2011–2012; 2014; 2017–2018"
"124","Pete Maravich",5,"1973–1974; 1977–1979"
"125","Bob McAdoo",5,"1974–1978"
"126","Reggie Miller",5,"1990; 1995–1996; 1998; 2000"
"127","Sidney Moncrief",5,"1982–1986"
"128","Chris Mullin",5,"1989–1993"
"129","Don Ohl",5,"1963–1967"
"130","Andy Phillip",5,"1951–1955"
"131","Gene Shue",5,"1958–1962"
"132","Klay Thompson",5,"2015–2019"
"133","Rudy Tomjanovich",5,"1974–1977; 1979"
"134","Wes Unseld",5,"1969; 1971–1973; 1975"
"135","John Wall",5,"2014–2018"
"136","Bobby Wanzer",5,"1952–1956"
"137","Chris Webber",5,"1997; 2000–2003"
"138","Paul Westphal",5,"1977–1981"
"139","Giannis Antetokounmpo",4,"2017–2020"
"140","Vin Baker",4,"1995–1998"
"141","Walt Bellamy",4,"1962–1965"
"142","Otis Birdsong",4,"1979–1981; 1984"
"143","Rolando Blackman",4,"1985–1987; 1990"
"144","Tom Chambers",4,"1987; 1989–1991"
"145","Maurice Cheeks",4,"1983; 1986–1988"
"146","Doug Collins",4,"1976–1979"
"147","DeMarcus Cousins",4,"2015–2018"
"148","Billy Cunningham",4,"1969–1972"
"149","Bob Dandridge",4,"1973; 1975–1976; 1979"
"150","Bob Davies",4,"1951–1954"
"151","DeMar DeRozan",4,"2014; 2016–2018"
"152","Dick Garmaker",4,"1957–1960"
"153","Johnny Green",4,"1962–1963; 1965; 1971"
"154","Penny Hardaway",4,"1995–1998"
"155","Connie Hawkins",4,"1970–1973"
"156","Spencer Haywood",4,"1972–1975"
"157","Mel Hutchins",4,"1953–1954; 1956–1957"
"158","Bobby Jones",4,"1977–1978; 1981–1982"
"159","Bernard King",4,"1982; 1984–1985; 1991"
"160","Bill Laimbeer",4,"1983–1985; 1987"
"161","Kawhi Leonard",4,"2016–2017; 2019–2020"
"162","Clyde Lovellette",4,"1956–1957; 1960–1961"
"163","Maurice Lucas",4,"1977–1979; 1983"
"164","Shawn Marion",4,"2003; 2005–2007"
"165","George Mikan",4,"1951–1954"
"166","Paul Millsap",4,"2014–2017"
"167","Earl Monroe",4,"1969; 1971; 1975; 1977"
"168","Willie Naulls",4,"1958; 1960–1962"
"169","Jim Pollard",4,"1951–1952; 1954–1955"
"170","Mark Price",4,"1989; 1992–1994"
"171","Micheal Ray Richardson",4,"1980–1982; 1985"
"172","Arnie Risen",4,"1952–1955"
"173","Alvin Robertson",4,"1986–1988; 1991"
"174","Guy Rodgers",4,"1963–1964; 1966–1967"
"175","Rajon Rondo",4,"2010–2013"
"176","Ralph Sampson",4,"1984–1987"
"177","Latrell Sprewell",4,"1994–1995; 1997; 2001"
"178","David Thompson",4,"1977–1979; 1983"
"179","Kemba Walker",4,"2017–2020"
"180","Ben Wallace",4,"2003–2006"
"181","Rasheed Wallace",4,"2000–2001; 2006; 2008"
"182","Sidney Wicks",4,"1972–1975"
"183","Mark Aguirre",3,"1984; 1987–1988"
"184","Gilbert Arenas",3,"2005–2007"
"185","Bill Bridges",3,"1967–1968; 1970"
"186","Phil Chenier",3,"1974–1975; 1977"
"187","Terry Dischinger",3,"1963–1965"
"188","Joel Embiid",3,"2018–2020"
"189","Steve Francis",3,"2002–2004"
"190","Marc Gasol",3,"2012; 2015; 2017"
"191","Draymond Green",3,"2016–2018"
"192","Richard Hamilton",3,"2006–2008"
"193","Kevin Johnson",3,"1990–1991; 1994"
"194","Eddie Jones",3,"1997–1998; 2000"
"195","Bob Kauffman",3,"1971–1973"
"196","Johnny Kerr",3,"1956; 1959; 1963"
"197","Bob Love",3,"1971–1973"
"198","Dan Majerle",3,"1992–1993; 1995"
"199","George McGinnis",3,"1976–1977; 1979"
"200","Jeff Mullins",3,"1969–1971"
"201","Larry Nance",3,"1985; 1989; 1993"
"202","Glen Rice",3,"1996–1998"
"203","Derrick Rose",3,"2010–2012"
"204","Dan Roundfield",3,"1980–1982"
"205","Brandon Roy",3,"2008–2010"
"206","Detlef Schrempf",3,"1993; 1995; 1997"
"207","Charlie Scott",3,"1973–1975"
"208","Paul Seymour",3,"1953–1955"
"209","Peja Stojakovic",3,"2002–2004"
"210","Maurice Stokes",3,"1956–1958"
"211","Dick Van Arsdale",3,"1969–1971"
"212","Tom Van Arsdale",3,"1970–1972"
"213","Norm Van Lier",3,"1974; 1976–1977"
"214","Antoine Walker",3,"1998; 2002–2003"
"215","Jamaal Wilkes",3,"1976; 1981; 1983"
"216","Buck Williams",3,"1982–1983; 1986"
"217","Deron Williams",3,"2010–2012"
"218","Leo Barnhorst",2,"1952–1953"
"219","Bradley Beal",2,"2018–2019"
"220","Zelmo Beaty",2,"1966; 1968"
"221","Carlos Boozer",2,"2007–2008"
"222","Elton Brand",2,"2002; 2006"
"223","Terrell Brandon",2,"1996–1997"
"224","Frank Brian",2,"1951–1952"
"225","Caron Butler",2,"2007–2008"
"226","Joe Caldwell",2,"1969–1970"
"227","Archie Clark",2,"1968; 1972"
"228","Terry Cummings",2,"1985; 1989"
"229","Baron Davis",2,"2002; 2004"
"230","Luol Deng",2,"2012–2013"
"231","John Drew",2,"1976; 1980"
"232","Andre Drummond",2,"2016; 2018"
"233","Kevin Duckworth",2,"1989; 1991"
"234","Walter Dukes",2,"1960–1961"
"235","Dwight Eddleman",2,"1951–1952"
"236","Sean Elliott",2,"1993; 1996"
"237","Michael Finley",2,"2000–2001"
"238","Joe Fulks",2,"1951–1952"
"239","Jack George",2,"1956–1957"
"240","Manu Ginóbili",2,"2005; 2011"
"241","Roy Hibbert",2,"2012; 2014"
"242","Allan Houston",2,"2000–2001"
"243","Rod Hundley",2,"1960–1961"
"244","Žydrunas Ilgauskas",2,"2003; 2005"
"245","Antawn Jamison",2,"2005; 2008"
"246","Eddie Johnson",2,"1980–1981"
"247","John Johnson",2,"1971–1972"
"248","Larry Johnson",2,"1993; 1995"
"249","Nikola Jokic",2,"2019–2020"
"250","Larry Kenon",2,"1978–1979"
"251","Don Kojis",2,"1968–1969"
"252","David Lee",2,"2010; 2013"
"253","Fat Lever",2,"1988; 1990"
"254","Rashard Lewis",2,"2005; 2009"
"255","Jeff Malone",2,"1986–1987"
"256","Danny Manning",2,"1993–1994"
"257","Stephon Marbury",2,"2001; 2003"
"258","Jack Marin",2,"1972–1973"
"259","Khris Middleton",2,"2019–2020"
"260","Brad Miller",2,"2003–2004"
"261","Norm Nixon",2,"1982; 1985"
"262","Joakim Noah",2,"2013–2014"
"263","Victor Oladipo",2,"2018–2019"
"264","Jim Paxson",2,"1983–1984"
"265","Geoff Petrie",2,"1971; 1974"
"266","Terry Porter",2,"1991; 1993"
"267","Zach Randolph",2,"2010; 2013"
"268","Glenn Robinson",2,"2000–2001"
"269","Truck Robinson",2,"1978; 1981"
"270","Red Rocha",2,"1951–1952"
"271","Dennis Rodman",2,"1990; 1992"
"272","Jeff Ruland",2,"1984–1985"
"273","Fred Scolari",2,"1952–1953"
"274","Ken Sears",2,"1958–1959"
"275","Frank Selvy",2,"1955; 1962"
"276","Paul Silas",2,"1972; 1975"
"277","Ben Simmons",2,"2019–2020"
"278","Jerry Sloan",2,"1967; 1969"
"279","Phil Smith",2,"1976–1977"
"280","Randy Smith",2,"1976; 1978"
"281","Jerry Stackhouse",2,"2000–2001"
"282","Reggie Theus",2,"1981; 1983"
"283","Isaiah Thomas",2,"2016–2017"
"284","Andrew Toney",2,"1983–1984"
"285","Karl-Anthony Towns",2,"2018–2019"
"286","Kelly Tripucka",2,"1982; 1984"
"287","Kiki Vandeweghe",2,"1983–1984"
"288","Jimmy Walker",2,"1970; 1972"
"289","Bill Walton",2,"1977–1978"
"290","Scott Wedman",2,"1976; 1980"
"291","David West",2,"2008–2009"
"292","Gus Williams",2,"1982–1983"
"293","Brian Winters",2,"1976; 1978"
"294","Shareef Abdur-Rahim",1,"2002"
"295","Alvan Adams",1,"1976"
"296","Michael Adams",1,"1992"
"297","Bam Adebayo",1,"2020"
"298","Danny Ainge",1,"1988"
"299","Kenny Anderson",1,"1994"
"300","B. J. Armstrong",1,"1994"
"301","Don Barksdale",1,"1953"
"302","Dick Barnett",1,"1968"
"303","Dana Barros",1,"1995"
"304","Butch Beard",1,"1972"
"305","Ralph Beard",1,"1951"
"306","Mookie Blaylock",1,"1994"
"307","John Block",1,"1973"
"308","Devin Booker",1,"2020"
"309","Bob Boozer",1,"1968"
"310","Vince Boryla",1,"1951"
"311","Bill Bradley",1,"1973"
"312","Fred Brown",1,"1976"
"313","Don Buse",1,"1977"
"314","Andrew Bynum",1,"2012"
"315","Austin Carr",1,"1974"
"316","Joe Barry Carroll",1,"1987"
"317","Bill Cartwright",1,"1980"
"318","Sam Cassell",1,"2004"
"319","Cedric Ceballos",1,"1995"
"320","Tyson Chandler",1,"2013"
"321","Len Chappell",1,"1964"
"322","Nathaniel Clifton",1,"1957"
"323","Derrick Coleman",1,"1994"
"324","Jack Coleman",1,"1955"
"325","Antonio Davis",1,"2001"
"326","Dale Davis",1,"2000"
"327","Vlade Divac",1,"2001"
"328","James Donaldson",1,"1988"
"329","Luka Doncic",1,"2020"
"330","Goran Dragic",1,"2018"
"331","Mark Eaton",1,"1989"
"332","Dale Ellis",1,"1989"
"333","Ray Felix",1,"1954"
"334","Sleepy Floyd",1,"1987"
"335","World B. Free",1,"1980"
"336","Billy Gabor",1,"1953"
"337","Chris Gatling",1,"1997"
"338","Rudy Gobert",1,"2020"
"339","Danny Granger",1,"2009"
"340","Horace Grant",1,"1994"
"341","A. C. Green",1,"1990"
"342","Rickey Green",1,"1984"
"343","Alex Groza",1,"1951"
"344","Tom Gugliotta",1,"1997"
"345","Devin Harris",1,"2009"
"346","Bob Harrison",1,"1956"
"347","Hersey Hawkins",1,"1991"
"348","Gordon Hayward",1,"2017"
"349","Walt Hazzard",1,"1968"
"350","Tyrone Hill",1,"1995"
"351","Jrue Holiday",1,"2013"
"352","Lionel Hollins",1,"1978"
"353","Jeff Hornacek",1,"1992"
"354","Josh Howard",1,"2007"
"355","Juwan Howard",1,"1996"
"356","Andre Iguodala",1,"2012"
"357","Darrall Imhoff",1,"1967"
"358","Brandon Ingram",1,"2020"
"359","Dan Issel",1,"1977"
"360","Lucious Jackson",1,"1965"
"361","Mark Jackson",1,"1989"
"362","Steve Johnson",1,"1988"
"363","DeAndre Jordan",1,"2017"
"364","Chris Kaman",1,"2010"
"365","Jim King",1,"1968"
"366","Andrei Kirilenko",1,"2004"
"367","Billy Knight",1,"1977"
"368","Kyle Korver",1,"2015"
"369","Sam Lacey",1,"1975"
"370","Christian Laettner",1,"1997"
"371","Clyde Lee",1,"1968"
"372","Reggie Lewis",1,"1992"
"373","Brook Lopez",1,"2013"
"374","Jamaal Magloire",1,"2004"
"375","Kenyon Martin",1,"2004"
"376","Jamal Mashburn",1,"2003"
"377","Anthony Mason",1,"2001"
"378","Xavier McDaniel",1,"1988"
"379","Antonio McDyess",1,"2001"
"380","Jon McGlocklin",1,"1969"
"381","Tom Meschery",1,"1963"
"382","Eddie Miles",1,"1966"
"383","Donovan Mitchell",1,"2020"
"384","Mike Mitchell",1,"1981"
"385","Steve Mix",1,"1975"
"386","Jack Molinas",1,"1954"
"387","Calvin Murphy",1,"1979"
"388","Calvin Natt",1,"1985"
"389","Jameer Nelson",1,"2009"
"390","Chuck Noble",1,"1960"
"391","Charles Oakley",1,"1994"
"392","Mehmet Okur",1,"2007"
"393","Ricky Pierce",1,"1991"
"394","Kristaps Porzingis",1,"2018"
"395","Jim Price",1,"1975"
"396","Theo Ratliff",1,"2001"
"397","Michael Redd",1,"2004"
"398","Richie Regan",1,"1957"
"399","Doc Rivers",1,"1988"
"400","Clifford Robinson",1,"1994"
"401","Flynn Robinson",1,"1970"
"402","Curtis Rowe",1,"1976"
"403","Bob Rule",1,"1970"
"404","Campy Russell",1,"1979"
"405","Cazzie Russell",1,"1972"
"406","D'Angelo Russell",1,"2019"
"407","Domantas Sabonis",1,"2020"
"408","Woody Sauldsberry",1,"1959"
"409","Fred Schaus",1,"1951"
"410","Lee Shaffer",1,"1963"
"411","Lonnie Shelton",1,"1982"
"412","Pascal Siakam",1,"2020"
"413","Adrian Smith",1,"1966"
"414","Steve Smith",1,"1998"
"415","Rik Smits",1,"1998"
"416","John Starks",1,"1994"
"417","Don Sunderlage",1,"1954"
"418","Wally Szczerbiak",1,"2002"
"419","Jayson Tatum",1,"2020"
"420","Jeff Teague",1,"2015"
"421","Otis Thorpe",1,"1992"
"422","Nick Van Exel",1,"1998"
"423","Nikola Vucevic",1,"2019"
"424","Gerald Wallace",1,"2010"
"425","Paul Walther",1,"1952"
"426","Kermit Washington",1,"1980"
"427","Jayson Williams",1,"1998"
"428","Mo Williams",1,"2009"
"429","Kevin Willis",1,"1992"
"430","Metta World Peace",1,"2004"
"431","Trae Young",1,"2020"
"432","Max Zaslofsky",1,"1952"
